risk_level,customer_count,avg_predicted_risk
Low,82245,0.05658842150208922
Medium,24348,0.49723031305448745
High,12246,0.8190018043536167
